Workbook

Sheet Sheet1
A1: BugId | B1: Rule | C1: Applied | D1: LogicFL | E1: FuseFL | F1: AutoFL
A2: lang_npe_1 | B2: null_ref_direct | C2: Null Ref. | D2: matched | E2: matched | F2: matched | G2: =VLOOKUP(Sheet1!A2,Sheet2!$A$1:$B$76, 2, ) -> matched
A3: lang_npe_1 | B3: null_ref_direct | C3: Null Ref. | D3: matched | E3: matched | F3: matched | G3: =VLOOKUP(Sheet1!A3,Sheet2!$A$1:$B$76, 2, ) -> matched
A4: lang_npe_2 | B4: null_ref_direct | C4: Null Ref. | D4: matched | E4: not_matched | F4: matched | G4: =VLOOKUP(Sheet1!A4,Sheet2!$A$1:$B$76, 2, ) -> matched
A5: lang_npe_3 | B5: null_arg_direct | C5: Null Arg. | D5: matched | E5: matched | F5: matched | G5: =VLOOKUP(Sheet1!A5,Sheet2!$A$1:$B$76, 2, ) -> matched
A6: lang_npe_4 | B6: null_ref_direct | C6: Null Ref. | D6: matched | E6: matched | F6: matched | G6: =VLOOKUP(Sheet1!A6,Sheet2!$A$1:$B$76, 2, ) -> matched
A7: lang_npe_5 | B7: null_ref_direct | C7: Null Ref. | D7: matched | E7: matched | F7: matched | G7: =VLOOKUP(Sheet1!A7,Sheet2!$A$1:$B$76, 2, ) -> matched
A8: lang_npe_6 | B8: null_ref_direct | C8: Null Ref. | D8: matched | E8: matched | F8: matched | G8: =VLOOKUP(Sheet1!A8,Sheet2!$A$1:$B$76, 2, ) -> matched
A9: lang_npe_7 | B9: null_ref_direct | C9: Null Ref. | D9: matched | E9: matched | F9: matched | G9: =VLOOKUP(Sheet1!A9,Sheet2!$A$1:$B$76, 2, ) -> matched
A10: lang_npe_8 | B10: null_ref_direct | C10: Null Ref. | D10: matched | E10: matched | F10: matched | G10: =VLOOKUP(Sheet1!A10,Sheet2!$A$1:$B$76, 2, ) -> matched
A11: lang_npe_9 | B11: null_ref_direct | C11: Null Ref. | D11: matched | E11: matched | F11: partially_matched | G11: =VLOOKUP(Sheet1!A11,Sheet2!$A$1:$B$76, 2, ) -> matched
A12: lang_npe_9 | B12: null_ref_direct | C12: Null Ref. | D12: matched | E12: matched | F12: partially_matched | G12: =VLOOKUP(Sheet1!A12,Sheet2!$A$1:$B$76, 2, ) -> matched
A13: lang_npe_10 | B13: null_arg_direct | C13: Null Arg. | D13: matched | E13: matched | F13: partially_matched | G13: =VLOOKUP(Sheet1!A13,Sheet2!$A$1:$B$76, 2, ) -> matched
... A99: d4j_mockito_38 | B99: null_ref_direct | C99: Null Ref. | D99: matched | E99: matched | F99: matched | G99: =VLOOKUP(Sheet1!A99,Sheet2!$A$1:$B$76, 2, ) -> matched

Sheet Sheet2
A1: lang_npe_1 | B1: matched
A2: lang_npe_2 | B2: matched
A3: lang_npe_3 | B3: matched
A4: lang_npe_4 | B4: matched
A5: lang_npe_5 | B5: matched
A6: lang_npe_6 | B6: matched
A7: lang_npe_7 | B7: matched
A8: lang_npe_8 | B8: matched
A9: lang_npe_9 | B9: matched
A10: lang_npe_10 | B10: matched
A11: lang_npe_11 | B11: matched
A12: lang_npe_12 | B12: matched
... A76: d4j_mockito_38 | B76: matched
