Workbook

Sheet Sheet1
A1: Bug ID | B1: LogicFL | C1: AutoFL-line | D1: FuseFL(gpt-4o, Trial 1) | E1: AutoFL + FuseFL
A2: lang_npe_1 | B2: matched | C2: matched | D2: matched | E2: =IF(MAX(F2, G2)=3, "matched", IF(MAX(F2, G2)=2, "partially_matched", "not_matched")) -> matched | F2: =IF(C2="matched", 3, IF(C2="partially_matched", 2, 1)) -> 3 | G2: =IF(D2="matched", 3, IF(D2="partially_matched", 2, 1)) -> 3
A3: lang_npe_2 | B3: matched | C3: matched | D3: not_matched | E3: =IF(MAX(F3, G3)=3, "matched", IF(MAX(F3, G3)=2, "partially_matched", "not_matched")) -> matched | F3: =IF(C3="matched", 3, IF(C3="partially_matched", 2, 1)) -> 3 | G3: =IF(D3="matched", 3, IF(D3="partially_matched", 2, 1)) -> 1
A4: lang_npe_3 | B4: matched | C4: matched | D4: matched | E4: =IF(MAX(F4, G4)=3, "matched", IF(MAX(F4, G4)=2, "partially_matched", "not_matched")) -> matched | F4: =IF(C4="matched", 3, IF(C4="partially_matched", 2, 1)) -> 3 | G4: =IF(D4="matched", 3, IF(D4="partially_matched", 2, 1)) -> 3
A5: lang_npe_4 | B5: matched | C5: matched | D5: matched | E5: =IF(MAX(F5, G5)=3, "matched", IF(MAX(F5, G5)=2, "partially_matched", "not_matched")) -> matched | F5: =IF(C5="matched", 3, IF(C5="partially_matched", 2, 1)) -> 3 | G5: =IF(D5="matched", 3, IF(D5="partially_matched", 2, 1)) -> 3
A6: lang_npe_5 | B6: matched | C6: matched | D6: matched | E6: =IF(MAX(F6, G6)=3, "matched", IF(MAX(F6, G6)=2, "partially_matched", "not_matched")) -> matched | F6: =IF(C6="matched", 3, IF(C6="partially_matched", 2, 1)) -> 3 | G6: =IF(D6="matched", 3, IF(D6="partially_matched", 2, 1)) -> 3
A7: lang_npe_6 | B7: matched | C7: matched | D7: matched | E7: =IF(MAX(F7, G7)=3, "matched", IF(MAX(F7, G7)=2, "partially_matched", "not_matched")) -> matched | F7: =IF(C7="matched", 3, IF(C7="partially_matched", 2, 1)) -> 3 | G7: =IF(D7="matched", 3, IF(D7="partially_matched", 2, 1)) -> 3
A8: lang_npe_7 | B8: matched | C8: matched | D8: matched | E8: =IF(MAX(F8, G8)=3, "matched", IF(MAX(F8, G8)=2, "partially_matched", "not_matched")) -> matched | F8: =IF(C8="matched", 3, IF(C8="partially_matched", 2, 1)) -> 3 | G8: =IF(D8="matched", 3, IF(D8="partially_matched", 2, 1)) -> 3
A9: lang_npe_8 | B9: matched | C9: matched | D9: matched | E9: =IF(MAX(F9, G9)=3, "matched", IF(MAX(F9, G9)=2, "partially_matched", "not_matched")) -> matched | F9: =IF(C9="matched", 3, IF(C9="partially_matched", 2, 1)) -> 3 | G9: =IF(D9="matched", 3, IF(D9="partially_matched", 2, 1)) -> 3
A10: lang_npe_9 | B10: matched | C10: partially_matched | D10: matched | E10: =IF(MAX(F10, G10)=3, "matched", IF(MAX(F10, G10)=2, "partially_matched", "not_matched")) -> matched | F10: =IF(C10="matched", 3, IF(C10="partially_matched", 2, 1)) -> 2 | G10: =IF(D10="matched", 3, IF(D10="partially_matched", 2, 1)) -> 3
A11: lang_npe_10 | B11: matched | C11: partially_matched | D11: matched | E11: =IF(MAX(F11, G11)=3, "matched", IF(MAX(F11, G11)=2, "partially_matched", "not_matched")) -> matched | F11: =IF(C11="matched", 3, IF(C11="partially_matched", 2, 1)) -> 2 | G11: =IF(D11="matched", 3, IF(D11="partially_matched", 2, 1)) -> 3
A12: lang_npe_11 | B12: matched | C12: not_matched | D12: matched | E12: =IF(MAX(F12, G12)=3, "matched", IF(MAX(F12, G12)=2, "partially_matched", "not_matched")) -> matched | F12: =IF(C12="matched", 3, IF(C12="partially_matched", 2, 1)) -> 1 | G12: =IF(D12="matched", 3, IF(D12="partially_matched", 2, 1)) -> 3
A13: lang_npe_12 | B13: matched | C13: not_matched | D13: matched | E13: =IF(MAX(F13, G13)=3, "matched", IF(MAX(F13, G13)=2, "partially_matched", "not_matched")) -> matched | F13: =IF(C13="matched", 3, IF(C13="partially_matched", 2, 1)) -> 1 | G13: =IF(D13="matched", 3, IF(D13="partially_matched", 2, 1)) -> 3
... A77: d4j_mockito_38 | B77: matched | C77: matched | D77: matched | E77: =IF(MAX(F77, G77)=3, "matched", IF(MAX(F77, G77)=2, "partially_matched", "not_matched")) -> matched | F77: =IF(C77="matched", 3, IF(C77="partially_matched", 2, 1)) -> 3 | G77: =IF(D77="matched", 3, IF(D77="partially_matched", 2, 1)) -> 3

Sheet Sheet2
B1: LogicFL | C1: AutoFL-line | D1: FuseFL(gpt-4o, Trial 1) | E1: AutoFL + FuseFL
A2: Apache Commons
A3: matched | B3: =COUNTIF(Sheet1!B$2:B$39, $A3) -> 35 | C3: =COUNTIF(Sheet1!C$2:C$39, $A3) -> 28 | D3: =COUNTIF(Sheet1!D$2:D$39, $A3) -> 35 | E3: =COUNTIF(Sheet1!E$2:E$39, $A3) -> 36
A4: partially_matched | B4: =COUNTIF(Sheet1!B$2:B$39, A4) -> 3 | C4: =COUNTIF(Sheet1!C$2:C$39, $A4) -> 6 | D4: =COUNTIF(Sheet1!D$2:D$39, $A4) -> 2 | E4: =COUNTIF(Sheet1!E$2:E$39, $A4) -> 2
A5: not_matched | B5: =COUNTIF(Sheet1!B$2:B$39, A5) -> 0 | C5: =COUNTIF(Sheet1!C$2:C$39, $A5) -> 4 | D5: =COUNTIF(Sheet1!D$2:D$39, $A5) -> 1 | E5: =COUNTIF(Sheet1!E$2:E$39, $A5) -> 0
A6: matched % | B6: =B3/38 -> 0.92105263 | C6: =C3/38 -> 0.73684211 | D6: =D3/38 -> 0.92105263 | E6: =E3/38 -> 0.94736842
A7: partially_matched % | B7: =B4/38 -> 0.078947368 | C7: =C4/38 -> 0.15789474 | D7: =D4/38 -> 0.052631579 | E7: =E4/38 -> 0.052631579
A8: not_matched % | B8: =B5/38 -> 0 | C8: =C5/38 -> 0.10526316 | D8: =D5/38 -> 0.026315789 | E8: =E5/38 -> 0
A9: D4J
A10: matched | B10: =COUNTIF(Sheet1!B$40:B$77, $A10) -> 32 | C10: =COUNTIF(Sheet1!C$40:C$77, $A10) -> 28 | D10: =COUNTIF(Sheet1!D$40:D$77, $A10) -> 29 | E10: =COUNTIF(Sheet1!E$40:E$77, $A10) -> 32
A11: partially_matched | B11: =COUNTIF(Sheet1!B$40:B$77, $A11) -> 0 | C11: =COUNTIF(Sheet1!C$40:C$77, $A11) -> 3 | D11: =COUNTIF(Sheet1!D$40:D$77, $A11) -> 1 | E11: =COUNTIF(Sheet1!E$40:E$77, $A11) -> 1
A12: not_matched | B12: =COUNTIF(Sheet1!B$40:B$77, $A12) -> 6 | C12: =COUNTIF(Sheet1!C$40:C$77, $A12) -> 7 | D12: =COUNTIF(Sheet1!D$40:D$77, $A12) -> 8 | E12: =COUNTIF(Sheet1!E$40:E$77, $A12) -> 5
A13: matched % | B13: =B10/38 -> 0.84210526 | C13: =C10/38 -> 0.73684211 | D13: =D10/38 -> 0.76315789 | E13: =E10/38 -> 0.84210526
A14: partially_matched % | B14: =B11/38 -> 0 | C14: =C11/38 -> 0.078947368 | D14: =D11/38 -> 0.026315789 | E14: =E11/38 -> 0.026315789
A15: not_matched % | B15: =B12/38 -> 0.15789474 | C15: =C12/38 -> 0.18421053 | D15: =D12/38 -> 0.21052632 | E15: =E12/38 -> 0.13157895
A16: Total
A17: matched | B17: =COUNTIF(Sheet1!B$2:B$77, $A17) -> 67 | C17: =COUNTIF(Sheet1!C$2:C$77, $A17) -> 56 | D17: =COUNTIF(Sheet1!D$2:D$77, $A17) -> 64 | E17: =COUNTIF(Sheet1!E$2:E$77, $A17) -> 68
A18: partially_matched | B18: =COUNTIF(Sheet1!B$2:B$77, $A18) -> 3 | C18: =COUNTIF(Sheet1!C$2:C$77, $A18) -> 9 | D18: =COUNTIF(Sheet1!D$2:D$77, $A18) -> 3 | E18: =COUNTIF(Sheet1!E$2:E$77, $A18) -> 3
A19: not_matched | B19: =COUNTIF(Sheet1!B$2:B$77, $A19) -> 6 | C19: =COUNTIF(Sheet1!C$2:C$77, $A19) -> 11 | D19: =COUNTIF(Sheet1!D$2:D$77, $A19) -> 9 | E19: =COUNTIF(Sheet1!E$2:E$77, $A19) -> 5
A20: matched % | B20: =B17/76 -> 0.88157895 | C20: =C17/76 -> 0.73684211 | D20: =D17/76 -> 0.84210526 | E20: =E17/76 -> 0.89473684
A21: partially_matched % | B21: =B18/76 -> 0.039473684 | C21: =C18/76 -> 0.11842105 | D21: =D18/76 -> 0.039473684 | E21: =E18/76 -> 0.039473684
A22: not_matched % | B22: =B19/76 -> 0.078947368 | C22: =C19/76 -> 0.14473684 | D22: =D19/76 -> 0.11842105 | E22: =E19/76 -> 0.065789474
